code2,code3,numeric,continent,is_eu,is_eea,is_un,language,currency,dial,tld,flag,name,official,capital
AD,AND,020,EU,false,false,true,ca-AD,EUR,+376,.ad,ğŸ‡¦ğŸ‡©,Andorra,Principality of Andorra,Andorra la Vella
AE,ARE,784,AS,false,false,true,ar-AE,AED,+971,.ae,ğŸ‡¦ğŸ‡ª,UAE,United Arab Emirates,Abu Dhabi
AF,AFG,004,AS,false,false,true,ps-AF,AFN,+93,.af,ğŸ‡¦ğŸ‡«,Afghanistan,Islamic Republic of Afghanistan,Kabul
AG,ATG,028,NA,false,false,true,en-AG,XCD,+1-268,.ag,ğŸ‡¦ğŸ‡¬,Antigua and Barbuda,Antigua and Barbuda,St. John's
AI,AIA,660,NA,false,false,false,en-AI,XCD,+1-264,.ai,ğŸ‡¦ğŸ‡®,Anguilla,Anguilla,The Valley
AL,ALB,008,EU,false,false,true,sq-AL,ALL,+355,.al,ğŸ‡¦ğŸ‡±,Albania,Republic of Albania,Tirana
AM,ARM,051,AS,false,false,true,hy-AM,AMD,+374,.am,ğŸ‡¦ğŸ‡²,Armenia,Republic of Armenia,Yerevan
AO,AGO,024,AF,false,false,true,pt-AO,AOA,+244,.ao,ğŸ‡¦ğŸ‡´,Angola,Republic of Angola,Luanda
AQ,ATA,010,AN,false,false,false,en,USD,+672,.aq,ğŸ‡¦ğŸ‡¶,Antarctica,Antarctica,""
AR,ARG,032,SA,false,false,true,es-AR,ARS,+54,.ar,ğŸ‡¦ğŸ‡·,Argentina,Argentine Republic,Buenos Aires
AS,ASM,016,OC,false,false,false,en-AS,USD,+1-684,.as,ğŸ‡¦ğŸ‡¸,American Samoa,American Samoa,Pago Pago
AT,AUT,040,EU,true,true,true,de-AT,EUR,+43,.at,ğŸ‡¦ğŸ‡¹,Austria,Republic of Austria,Vienna
AU,AUS,036,OC,false,false,true,en-AU,AUD,+61,.au,ğŸ‡¦ğŸ‡º,Australia,Commonwealth of Australia,Canberra
AW,ABW,533,NA,false,false,false,"pap-AW,nl-AW",AWG,+297,.aw,ğŸ‡¦ğŸ‡¼,Aruba,Country of Aruba,Oranjestad
AX,ALA,248,EU,false,false,false,sv-AX,EUR,+358,.ax,ğŸ‡¦ğŸ‡½,Ã…land,Ã…land,Mariehamn
AZ,AZE,031,AS,false,false,true,az-AZ,AZN,+994,.az,ğŸ‡¦ğŸ‡¿,Azerbaijan,Republic of Azerbaijan,Baku
BA,BIH,070,EU,false,false,true,"bs-BA,sr-BA,hr-BA",BAM,+387,.ba,ğŸ‡§ğŸ‡¦,Bosnia and Herzegovina,Bosnia and Herzegovina,Sarajevo
BB,BRB,052,NA,false,false,true,en-BB,BBD,+1-246,.bb,ğŸ‡§ğŸ‡§,Barbados,Barbados,Bridgetown
BD,BGD,050,AS,false,false,true,bn-BD,BDT,+880,.bd,ğŸ‡§ğŸ‡©,Bangladesh,People's Republic of Bangladesh,Dhaka
BE,BEL,056,EU,true,true,true,"nl-BE,fr-BE,de-BE",EUR,+32,.be,ğŸ‡§ğŸ‡ª,Belgium,Kingdom of Belgium,Brussels
BF,BFA,854,AF,false,false,true,ff-BF,XOF,+226,.bf,ğŸ‡§ğŸ‡«,Burkina Faso,Burkina Faso,Ouagadougou
BG,BGR,100,EU,true,true,true,bg-BG,BGN,+359,.bg,ğŸ‡§ğŸ‡¬,Bulgaria,Republic of Bulgaria,Sofia
BH,BHR,048,AS,false,false,true,ar-BH,BHD,+973,.bh,ğŸ‡§ğŸ‡­,Bahrain,Kingdom of Bahrain,Manama
BI,BDI,108,AF,false,false,true,"rn-BI,fr-BI,en-BI,sw",BIF,+257,.bi,ğŸ‡§ğŸ‡®,Burundi,Republic of Burundi,Gitega
BJ,BEN,204,AF,false,false,true,fr-BJ,XOF,+229,.bj,ğŸ‡§ğŸ‡¯,Benin,Republic of Benin,Porto-Novo
BL,BLM,652,NA,false,false,false,fr-BL,EUR,+590,.bl,ğŸ‡§ğŸ‡±,Saint BarthÃ©lemy,CollectivitÃ© territoriale de Saint-BarthÃ©lemy,Gustavia
BM,BMU,060,NA,false,false,false,en-BM,BMD,+1-441,.bm,ğŸ‡§ğŸ‡²,Bermuda,Bermuda,Hamilton
BN,BRN,096,AS,false,false,true,ms-BN,BND,+673,.bn,ğŸ‡§ğŸ‡³,Brunei,Brunei Darussalam,Bandar Seri Begawan
BO,BOL,068,SA,false,false,true,"es-BO,qu-BO,gn",BOB,+591,.bo,ğŸ‡§ğŸ‡´,Bolivia,Plurinational State of Bolivia,Sucre
BQ,BES,535,NA,false,false,false,"pap,nl-BQ",USD,+599,.bq,ğŸ‡§ğŸ‡¶,Bonaire,Bonaire,Kralendijk
BR,BRA,076,SA,false,false,true,pt-BR,BRL,+55,.br,ğŸ‡§ğŸ‡·,Brazil,Federative Republic of Brazil,BrasÃ­lia
BS,BHS,044,NA,false,false,true,en-BS,BSD,+1-242,.bs,ğŸ‡§ğŸ‡¸,Bahamas,Commonwealth of The Bahamas,Nassau
BT,BTN,064,AS,false,false,true,dz-BT,BTN,+975,.bt,ğŸ‡§ğŸ‡¹,Bhutan,Kingdom of Bhutan,Thimphu
BV,BVT,074,AN,false,false,false,no,NOK,+47,.bv,ğŸ‡§ğŸ‡»,Bouvet Island,Bouvet Island,""
BW,BWA,072,AF,false,false,true,en-BW,BWP,+267,.bw,ğŸ‡§ğŸ‡¼,Botswana,Republic of Botswana,Gaborone
BY,BLR,112,EU,false,false,true,"be-BY,ru-BY",BYN,+375,.by,ğŸ‡§ğŸ‡¾,Belarus,Republic of Belarus,Minsk
BZ,BLZ,084,NA,false,false,true,en-BZ,BZD,+501,.bz,ğŸ‡§ğŸ‡¿,Belize,Belize,Belmopan
CA,CAN,124,NA,false,false,true,"en-CA,fr-CA",CAD,+1,.ca,ğŸ‡¨ğŸ‡¦,Canada,Canada,Ottawa
CC,CCK,166,AS,false,false,false,"en-CC",AUD,+61,.cc,ğŸ‡¨ğŸ‡¨,Cocos (Keeling) Islands,Territory of Cocos (Keeling) Islands,West Island
CD,COD,180,AF,false,false,true,fr-CD,CDF,+243,.cd,ğŸ‡¨ğŸ‡©,DR Congo,Democratic Republic of the Congo,Kinshasa
CF,CAF,140,AF,false,false,true,"fr-CF,sg-CF",XAF,+236,.cf,ğŸ‡¨ğŸ‡«,Central African Republic,Central African Republic,Bangui
CG,COG,178,AF,false,false,true,fr-CG,XAF,+242,.cg,ğŸ‡¨ğŸ‡¬,Congo,Republic of the Congo,Brazzaville
CH,CHE,756,EU,false,false,true,"de-CH,fr-CH,it-CH,rm-CH",CHF,+41,.ch,ğŸ‡¨ğŸ‡­,Switzerland,Swiss Confederation,Bern
CI,CIV,384,AF,false,false,true,fr-CI,XOF,+225,.ci,ğŸ‡¨ğŸ‡®,Ivory Coast,Republic of CÃ´te d'Ivoire,Yamoussoukro
CK,COK,184,OC,false,false,false,en-CK,NZD,+682,.ck,ğŸ‡¨ğŸ‡°,Cook Islands,Cook Islands,Avarua
CL,CHL,152,SA,false,false,true,es-CL,CLP,+56,.cl,ğŸ‡¨ğŸ‡±,Chile,Republic of Chile,Santiago
CM,CMR,120,AF,false,false,true,"en-CM,fr-CM",XAF,+237,.cm,ğŸ‡¨ğŸ‡²,Cameroon,Republic of Cameroon,YaoundÃ©
CN,CHN,156,AS,false,false,true,zh-CN,CNY,+86,.cn,ğŸ‡¨ğŸ‡³,China,People's Republic of China,Beijing
CO,COL,170,SA,false,false,true,es-CO,COP,+57,.co,ğŸ‡¨ğŸ‡´,Colombia,Republic of Colombia,BogotÃ¡
CR,CRI,188,NA,false,false,true,es-CR,CRC,+506,.cr,ğŸ‡¨ğŸ‡·,Costa Rica,Republic of Costa Rica,San JosÃ©
CU,CUB,192,NA,false,false,true,es-CU,CUP,+53,.cu,ğŸ‡¨ğŸ‡º,Cuba,Republic of Cuba,Havana
CV,CPV,132,AF,false,false,true,pt-CV,CVE,+238,.cv,ğŸ‡¨ğŸ‡»,Cape Verde,Republic of Cabo Verde,Praia
CW,CUW,531,NA,false,false,false,"pap-CW,nl-CW,en",ANG,+599,.cw,ğŸ‡¨ğŸ‡¼,CuraÃ§ao,Country of CuraÃ§ao,Willemstad
CX,CXR,162,OC,false,false,false,en-CX,AUD,+61,.cx,ğŸ‡¨ğŸ‡½,Christmas Island,Territory of Christmas Island,Flying Fish Cove
CY,CYP,196,EU,true,true,true,"el-CY,tr-CY",EUR,+357,.cy,ğŸ‡¨ğŸ‡¾,Cyprus,Republic of Cyprus,Nicosia
CZ,CZE,203,EU,true,true,true,cs-CZ,CZK,+420,.cz,ğŸ‡¨ğŸ‡¿,Czechia,Czech Republic,Prague
DE,DEU,276,EU,true,true,true,de-DE,EUR,+49,.de,ğŸ‡©ğŸ‡ª,Germany,Federal Republic of Germany,Berlin
DJ,DJI,262,AF,false,false,true,"ar-DJ,fr-DJ",DJF,+253,.dj,ğŸ‡©ğŸ‡¯,Djibouti,Republic of Djibouti,Djibouti
DK,DNK,208,EU,true,true,true,da-DK,DKK,+45,.dk,ğŸ‡©ğŸ‡°,Denmark,Kingdom of Denmark,Copenhagen
DM,DMA,212,NA,false,false,true,en-DM,XCD,+1-767,.dm,ğŸ‡©ğŸ‡²,Dominica,Commonwealth of Dominica,Roseau
DO,DOM,214,NA,false,false,true,es-DO,DOP,+1,.do,ğŸ‡©ğŸ‡´,Dominican Republic,Dominican Republic,Santo Domingo
DZ,DZA,012,AF,false,false,true,ar-DZ,DZD,+213,.dz,ğŸ‡©ğŸ‡¿,Algeria,People's Democratic Republic of Algeria,Algiers
EC,ECU,218,SA,false,false,true,es-EC,USD,+593,.ec,ğŸ‡ªğŸ‡¨,Ecuador,Republic of Ecuador,Quito
EE,EST,233,EU,true,true,true,et-EE,EUR,+372,.ee,ğŸ‡ªğŸ‡ª,Estonia,Republic of Estonia,Tallinn
EG,EGY,818,AF,false,false,true,ar-EG,EGP,+20,.eg,ğŸ‡ªğŸ‡¬,Egypt,Arab Republic of Egypt,Cairo
EH,ESH,732,AF,false,false,false,"ar-EH,es",MAD,+212,.eh,ğŸ‡ªğŸ‡­,Western Sahara,Sahrawi Arab Democratic Republic,Laayoune
ER,ERI,232,AF,false,false,true,"ti-ER,ar-ER,en-ER",ERN,+291,.er,ğŸ‡ªğŸ‡·,Eritrea,State of Eritrea,Asmara
ES,ESP,724,EU,true,true,true,es-ES,EUR,+34,.es,ğŸ‡ªğŸ‡¸,Spain,Kingdom of Spain,Madrid
ET,ETH,231,AF,false,false,true,"am-ET,aa-ET,om-ET,so-ET,ti-ET",ETB,+251,.et,ğŸ‡ªğŸ‡¹,Ethiopia,Federal Democratic Republic of Ethiopia,Addis Ababa
FI,FIN,246,EU,true,true,true,"fi-FI,sv-FI",EUR,+358,.fi,ğŸ‡«ğŸ‡®,Finland,Republic of Finland,Helsinki
FJ,FJI,242,OC,false,false,true,en-FJ,FJD,+679,.fj,ğŸ‡«ğŸ‡¯,Fiji,Republic of Fiji,Suva
FK,FLK,238,SA,false,false,false,en-FK,FKP,+500,.fk,ğŸ‡«ğŸ‡°,Falkland Islands,Falkland Islands,Stanley
FM,FSM,583,OC,false,false,true,en-FM,USD,+691,.fm,ğŸ‡«ğŸ‡²,Micronesia,Federated States of Micronesia,Palikir
FO,FRO,234,EU,false,false,false,"fo-FO,da",DKK,+298,.fo,ğŸ‡«ğŸ‡´,Faroe Islands,Faroe Islands,TÃ³rshavn
FR,FRA,250,EU,true,true,true,fr-FR,EUR,+33,.fr,ğŸ‡«ğŸ‡·,France,French Republic,Paris
GA,GAB,266,AF,false,false,true,fr-GA,XAF,+241,.ga,ğŸ‡¬ğŸ‡¦,Gabon,Gabonese Republic,Libreville
GB,GBR,826,EU,false,false,true,en-GB,GBP,+44,.uk,ğŸ‡¬ğŸ‡§,United Kingdom,United Kingdom of Great Britain and Northern Ireland,London
GD,GRD,308,NA,false,false,true,en-GD,XCD,+1-473,.gd,ğŸ‡¬ğŸ‡©,Grenada,Grenada,St. George's
GE,GEO,268,AS,false,false,true,ka-GE,GEL,+995,.ge,ğŸ‡¬ğŸ‡ª,Georgia,Georgia,Tbilisi
GF,GUF,254,SA,false,false,false,fr-GF,EUR,+594,.gf,ğŸ‡¬ğŸ‡«,French Guiana,French Guiana,Cayenne
GG,GGY,831,EU,false,false,false,"en-GG,fr",GBP,+44,.gg,ğŸ‡¬ğŸ‡¬,Guernsey,Guernsey,Saint Peter Port
GH,GHA,288,AF,false,false,true,en-GH,GHS,+233,.gh,ğŸ‡¬ğŸ‡­,Ghana,Republic of Ghana,Accra
GI,GIB,292,EU,false,false,false,en-GI,GIP,+350,.gi,ğŸ‡¬ğŸ‡®,Gibraltar,Gibraltar,Gibraltar
GL,GRL,304,NA,false,false,false,kl-GL,DKK,+299,.gl,ğŸ‡¬ğŸ‡±,Greenland,Greenland,Nuuk
GM,GMB,270,AF,false,false,true,en-GM,GMD,+220,.gm,ğŸ‡¬ğŸ‡²,Gambia,Republic of The Gambia,Banjul
GN,GIN,324,AF,false,false,true,fr-GN,GNF,+224,.gn,ğŸ‡¬ğŸ‡³,Guinea,Republic of Guinea,Conakry
GP,GLP,312,NA,false,false,false,fr-GP,EUR,+590,.gp,ğŸ‡¬ğŸ‡µ,Guadeloupe,Guadeloupe,Basse-Terre
GQ,GNQ,226,AF,false,false,true,"es-GQ,fr-GQ,pt-GQ",XAF,+240,.gq,ğŸ‡¬ğŸ‡¶,Equatorial Guinea,Republic of Equatorial Guinea,Malabo
GR,GRC,300,EU,true,true,true,el-GR,EUR,+30,.gr,ğŸ‡¬ğŸ‡·,Greece,Hellenic Republic,Athens
GS,SGS,239,AN,false,false,false,en,GBP,+500,.gs,ğŸ‡¬ğŸ‡¸,South Georgia and the South Sandwich Islands,South Georgia and the South Sandwich Islands,King Edward Point
GT,GTM,320,NA,false,false,true,es-GT,GTQ,+502,.gt,ğŸ‡¬ğŸ‡¹,Guatemala,Republic of Guatemala,Guatemala City
GU,GUM,316,OC,false,false,false,en-GU,USD,+1-671,.gu,ğŸ‡¬ğŸ‡º,Guam,Guam,HagÃ¥tÃ±a
GW,GNB,624,AF,false,false,true,pt-GW,XOF,+245,.gw,ğŸ‡¬ğŸ‡¼,Guinea-Bissau,Republic of Guinea-Bissau,Bissau
GY,GUY,328,SA,false,false,true,en-GY,GYD,+592,.gy,ğŸ‡¬ğŸ‡¾,Guyana,Co-operative Republic of Guyana,Georgetown
HK,HKG,344,AS,false,false,false,"zh-HK,en-HK,zh-CN",HKD,+852,.hk,ğŸ‡­ğŸ‡°,Hong Kong,Hong Kong Special Administrative Region of the People's Republic of China,Hong Kong
HM,HMD,334,AN,false,false,false,en,AUD,+672,.hm,ğŸ‡­ğŸ‡²,Heard and McDonald Islands,Territory of Heard Island and McDonald Islands,""
HN,HND,340,NA,false,false,true,es-HN,HNL,+504,.hn,ğŸ‡­ğŸ‡³,Honduras,Republic of Honduras,Tegucigalpa
HR,HRV,191,EU,true,true,true,hr-HR,EUR,+385,.hr,ğŸ‡­ğŸ‡·,Croatia,Republic of Croatia,Zagreb
HT,HTI,332,NA,false,false,true,fr-HT,HTG,+509,.ht,ğŸ‡­ğŸ‡¹,Haiti,Republic of Haiti,Port-au-Prince
HU,HUN,348,EU,true,true,true,hu-HU,HUF,+36,.hu,ğŸ‡­ğŸ‡º,Hungary,Hungary,Budapest
ID,IDN,360,AS,false,false,true,id-ID,IDR,+62,.id,ğŸ‡®ğŸ‡©,Indonesia,Republic of Indonesia,Jakarta
IE,IRL,372,EU,true,true,true,"ga-IE,en-IE",EUR,+353,.ie,ğŸ‡®ğŸ‡ª,Ireland,Ireland,Dublin
IL,ISR,376,AS,false,false,true,he-IL,ILS,+972,.il,ğŸ‡®ğŸ‡±,Israel,State of Israel,Jerusalem
IM,IMN,833,EU,false,false,false,"en-IM,gv-IM",GBP,+44,.im,ğŸ‡®ğŸ‡²,Isle of Man,Isle of Man,Douglas
IN,IND,356,AS,false,false,true,"hi-IN,en-IN",INR,+91,.in,ğŸ‡®ğŸ‡³,India,Republic of India,New Delhi
IO,IOT,086,AS,false,false,false,en-IO,USD,+246,.io,ğŸ‡®ğŸ‡´,British Indian Ocean Territory,British Indian Ocean Territory,Diego Garcia
IQ,IRQ,368,AS,false,false,true,"ar-IQ,ku",IQD,+964,.iq,ğŸ‡®ğŸ‡¶,Iraq,Republic of Iraq,Baghdad
IR,IRN,364,AS,false,false,true,fa-IR,IRR,+98,.ir,ğŸ‡®ğŸ‡·,Iran,Islamic Republic of Iran,Tehran
IS,ISL,352,EU,false,true,true,is-IS,ISK,+354,.is,ğŸ‡®ğŸ‡¸,Iceland,Republic of Iceland,ReykjavÃ­k
IT,ITA,380,EU,true,true,true,it-IT,EUR,+39,.it,ğŸ‡®ğŸ‡¹,Italy,Italian Republic,Rome
JE,JEY,832,EU,false,false,false,"fr,en-JE",GBP,+44,.je,ğŸ‡¯ğŸ‡ª,Jersey,Bailiwick of Jersey,St Helier
JM,JAM,388,NA,false,false,true,en-JM,JMD,+1-876,.jm,ğŸ‡¯ğŸ‡²,Jamaica,Jamaica,Kingston
JO,JOR,400,AS,false,false,true,ar-JO,JOD,+962,.jo,ğŸ‡¯ğŸ‡´,Jordan,Hashemite Kingdom of Jordan,Amman
JP,JPN,392,AS,false,false,true,ja-JP,JPY,+81,.jp,ğŸ‡¯ğŸ‡µ,Japan,Japan,Tokyo
KE,KEN,404,AF,false,false,true,"sw-KE,en-KE",KES,+254,.ke,ğŸ‡°ğŸ‡ª,Kenya,Republic of Kenya,Nairobi
KG,KGZ,417,AS,false,false,true,"ky-KG,ru-KG",KGS,+996,.kg,ğŸ‡°ğŸ‡¬,Kyrgyzstan,Kyrgyz Republic,Bishkek
KH,KHM,116,AS,false,false,true,km-KH,KHR,+855,.kh,ğŸ‡°ğŸ‡­,Cambodia,Kingdom of Cambodia,Phnom Penh
KI,KIR,296,OC,false,false,true,en-KI,AUD,+686,.ki,ğŸ‡°ğŸ‡®,Kiribati,Republic of Kiribati,Tarawa
KM,COM,174,AF,false,false,true,"fr-KM,ar-KM",KMF,+269,.km,ğŸ‡°ğŸ‡²,Comoros,Union of the Comoros,Moroni
KN,KNA,659,NA,false,false,true,en-KN,XCD,+1-869,.kn,ğŸ‡°ğŸ‡³,Saint Kitts and Nevis,Federation of Saint Kitts and Nevis,Basseterre
KP,PRK,408,AS,false,false,true,ko-KP,KPW,+850,.kp,ğŸ‡°ğŸ‡µ,North Korea,Democratic People's Republic of Korea,Pyongyang
KR,KOR,410,AS,false,false,true,ko-KR,KRW,+82,.kr,ğŸ‡°ğŸ‡·,South Korea,Republic of Korea,Seoul
KW,KWT,414,AS,false,false,true,ar-KW,KWD,+965,.kw,ğŸ‡°ğŸ‡¼,Kuwait,State of Kuwait,Kuwait City
KY,CYM,136,NA,false,false,false,en-KY,KYD,+1-345,.ky,ğŸ‡°ğŸ‡¾,Cayman Islands,Cayman Islands,George Town
KZ,KAZ,398,AS,false,false,true,"kk-KZ,ru-KZ",KZT,+7,.kz,ğŸ‡°ğŸ‡¿,Kazakhstan,Republic of Kazakhstan,Astana
LA,LAO,418,AS,false,false,true,lo-LA,LAK,+856,.la,ğŸ‡±ğŸ‡¦,Laos,Lao People's Democratic Republic,Vientiane
LB,LBN,422,AS,false,false,true,ar-LB,LBP,+961,.lb,ğŸ‡±ğŸ‡§,Lebanon,Lebanese Republic,Beirut
LC,LCA,662,NA,false,false,true,en-LC,XCD,+1-758,.lc,ğŸ‡±ğŸ‡¨,Saint Lucia,Saint Lucia,Castries
LI,LIE,438,EU,false,true,true,de-LI,CHF,+423,.li,ğŸ‡±ğŸ‡®,Liechtenstein,Principality of Liechtenstein,Vaduz
LK,LKA,144,AS,false,false,true,"si-LK,ta-LK",LKR,+94,.lk,ğŸ‡±ğŸ‡°,Sri Lanka,Democratic Socialist Republic of Sri Lanka,Colombo
LR,LBR,430,AF,false,false,true,en-LR,LRD,+231,.lr,ğŸ‡±ğŸ‡·,Liberia,Republic of Liberia,Monrovia
LS,LSO,426,AF,false,false,true,"st-LS,en-LS",LSL,+266,.ls,ğŸ‡±ğŸ‡¸,Lesotho,Kingdom of Lesotho,Maseru
LT,LTU,440,EU,true,true,true,lt-LT,EUR,+370,.lt,ğŸ‡±ğŸ‡¹,Lithuania,Republic of Lithuania,Vilnius
LU,LUX,442,EU,true,true,true,lb-LU,EUR,+352,.lu,ğŸ‡±ğŸ‡º,Luxembourg,Grand Duchy of Luxembourg,Luxembourg
LV,LVA,428,EU,true,true,true,lv-LV,EUR,+371,.lv,ğŸ‡±ğŸ‡»,Latvia,Republic of Latvia,Riga
LY,LBY,434,AF,false,false,true,ar-LY,LYD,+218,.ly,ğŸ‡±ğŸ‡¾,Libya,State of Libya,Tripoli
MA,MAR,504,AF,false,false,true,"ar-MA,zgh-MA",MAD,+212,.ma,ğŸ‡²ğŸ‡¦,Morocco,Kingdom of Morocco,Rabat
MC,MCO,492,EU,false,false,true,fr-MC,EUR,+377,.mc,ğŸ‡²ğŸ‡¨,Monaco,Principality of Monaco,Monaco
MD,MDA,498,EU,false,false,true,ro-MD,MDL,+373,.md,ğŸ‡²ğŸ‡©,Moldova,Republic of Moldova,ChiÈ™inÄƒu
ME,MNE,499,EU,false,false,true,sr-ME,EUR,+382,.me,ğŸ‡²ğŸ‡ª,Montenegro,Montenegro,Podgorica
MF,MAF,663,NA,false,false,false,fr-MF,EUR,+590,.mf,ğŸ‡²ğŸ‡«,Saint Martin,Saint Martin,Marigot
MG,MDG,450,AF,false,false,true,"mg-MG,fr-MG",MGA,+261,.mg,ğŸ‡²ğŸ‡¬,Madagascar,Republic of Madagascar,Antananarivo
MH,MHL,584,OC,false,false,true,en-MH,USD,+692,.mh,ğŸ‡²ğŸ‡­,Marshall Islands,Republic of the Marshall Islands,Majuro
MK,MKD,807,EU,false,false,true,"mk-MK,sq-MK",MKD,+389,.mk,ğŸ‡²ğŸ‡°,North Macedonia,Republic of North Macedonia,Skopje
ML,MLI,466,AF,false,false,true,fr-ML,XOF,+223,.ml,ğŸ‡²ğŸ‡±,Mali,Republic of Mali,Bamako
MM,MMR,104,AS,false,false,true,my-MM,MMK,+95,.mm,ğŸ‡²ğŸ‡²,Myanmar,Republic of the Union of Myanmar,Naypyidaw
MN,MNG,496,AS,false,false,true,mn-MN,MNT,+976,.mn,ğŸ‡²ğŸ‡³,Mongolia,Mongolia,Ulaanbaatar
MO,MAC,446,AS,false,false,false,"zh-MO,pt,zh-CN",MOP,+853,.mo,ğŸ‡²ğŸ‡´,Macao,Macao Special Administrative Region of the People's Republic of China,Macao
MP,MNP,580,OC,false,false,false,en-MP,USD,+1-670,.mp,ğŸ‡²ğŸ‡µ,Northern Mariana Islands,Commonwealth of the Northern Mariana Islands,Saipan
MQ,MTQ,474,NA,false,false,false,fr-MQ,EUR,+596,.mq,ğŸ‡²ğŸ‡¶,Martinique,Martinique,Fort-de-France
MR,MRT,478,AF,false,false,true,ar-MR,MRU,+222,.mr,ğŸ‡²ğŸ‡·,Mauritania,Islamic Republic of Mauritania,Nouakchott
MS,MSR,500,NA,false,false,false,en-MS,XCD,+1-664,.ms,ğŸ‡²ğŸ‡¸,Montserrat,Montserrat,Plymouth
MT,MLT,470,EU,true,true,true,"mt-MT,en-MT",EUR,+356,.mt,ğŸ‡²ğŸ‡¹,Malta,Republic of Malta,Valletta
MU,MUS,480,AF,false,false,true,"en-MU,fr-MU",MUR,+230,.mu,ğŸ‡²ğŸ‡º,Mauritius,Republic of Mauritius,Port Louis
MV,MDV,462,AS,false,false,true,dv-MV,MVR,+960,.mv,ğŸ‡²ğŸ‡»,Maldives,Republic of Maldives,Male
MW,MWI,454,AF,false,false,true,en-MW,MWK,+265,.mw,ğŸ‡²ğŸ‡¼,Malawi,Republic of Malawi,Lilongwe
MX,MEX,484,NA,false,false,true,es-MX,MXN,+52,.mx,ğŸ‡²ğŸ‡½,Mexico,United Mexican States,Mexico City
MY,MYS,458,AS,false,false,true,ms-MY,MYR,+60,.my,ğŸ‡²ğŸ‡¾,Malaysia,Malaysia,Kuala Lumpur
MZ,MOZ,508,AF,false,false,true,pt-MZ,MZN,+258,.mz,ğŸ‡²ğŸ‡¿,Mozambique,Republic of Mozambique,Maputo
NA,NAM,516,AF,false,false,true,en-NA,NAD,+264,.na,ğŸ‡³ğŸ‡¦,Namibia,Republic of Namibia,Windhoek
NC,NCL,540,OC,false,false,false,fr-NC,XPF,+687,.nc,ğŸ‡³ğŸ‡¨,New Caledonia,New Caledonia,NoumÃ©a
NE,NER,562,AF,false,false,true,fr-NE,XOF,+227,.ne,ğŸ‡³ğŸ‡ª,Niger,Republic of Niger,Niamey
NF,NFK,574,OC,false,false,false,en-NF,AUD,+672,.nf,ğŸ‡³ğŸ‡«,Norfolk Island,Territory of Norfolk Island,Kingston
NG,NGA,566,AF,false,false,true,en-NG,NGN,+234,.ng,ğŸ‡³ğŸ‡¬,Nigeria,Federal Republic of Nigeria,Abuja
NI,NIC,558,NA,false,false,true,es-NI,NIO,+505,.ni,ğŸ‡³ğŸ‡®,Nicaragua,Republic of Nicaragua,Managua
NL,NLD,528,EU,true,true,true,nl-NL,EUR,+31,.nl,ğŸ‡³ğŸ‡±,Netherlands,Kingdom of the Netherlands,Amsterdam
NO,NOR,578,EU,false,true,true,no,NOK,+47,.no,ğŸ‡³ğŸ‡´,Norway,Kingdom of Norway,Oslo
NP,NPL,524,AS,false,false,true,ne-NP,NPR,+977,.np,ğŸ‡³ğŸ‡µ,Nepal,Federal Democratic Republic of Nepal,Kathmandu
NR,NRU,520,OC,false,false,true,en-NR,AUD,+674,.nr,ğŸ‡³ğŸ‡·,Nauru,Republic of Nauru,Yaren
NU,NIU,570,OC,false,false,false,en-NU,NZD,+683,.nu,ğŸ‡³ğŸ‡º,Niue,Niue,Alofi
NZ,NZL,554,OC,false,false,true,"en-NZ,mi-NZ",NZD,+64,.nz,ğŸ‡³ğŸ‡¿,New Zealand,New Zealand,Wellington
OM,OMN,512,AS,false,false,true,ar-OM,OMR,+968,.om,ğŸ‡´ğŸ‡²,Oman,Sultanate of Oman,Muscat
PA,PAN,591,NA,false,false,true,es-PA,PAB,+507,.pa,ğŸ‡µğŸ‡¦,Panama,Republic of Panama,Panama City
PE,PER,604,SA,false,false,true,es-PE,PEN,+51,.pe,ğŸ‡µğŸ‡ª,Peru,Republic of Peru,Lima
PF,PYF,258,OC,false,false,false,fr-PF,XPF,+689,.pf,ğŸ‡µğŸ‡«,French Polynesia,French Polynesia,Papeete
PG,PNG,598,OC,false,false,true,"en-PG,tpi-PG",PGK,+675,.pg,ğŸ‡µğŸ‡¬,Papua New Guinea,Independent State of Papua New Guinea,Port Moresby
PH,PHL,608,AS,false,false,true,"fil-PH,en-PH",PHP,+63,.ph,ğŸ‡µğŸ‡­,Philippines,Republic of the Philippines,Manila
PK,PAK,586,AS,false,false,true,"ur-PK,en-PK",PKR,+92,.pk,ğŸ‡µğŸ‡°,Pakistan,Islamic Republic of Pakistan,Islamabad
PL,POL,616,EU,true,true,true,pl-PL,PLN,+48,.pl,ğŸ‡µğŸ‡±,Poland,Republic of Poland,Warsaw
PM,SPM,666,NA,false,false,false,fr-PM,EUR,+508,.pm,ğŸ‡µğŸ‡²,Saint Pierre and Miquelon,Overseas Collectivity of Saint-Pierre and Miquelon,Saint-Pierre
PN,PCN,612,OC,false,false,false,"en-PN",NZD,+64,.pn,ğŸ‡µğŸ‡³,Pitcairn Islands,"Pitcairn, Henderson, Ducie and Oeno Islands",Adamstown
PR,PRI,630,NA,false,false,false,"es-PR,en-PR",USD,+1-787,.pr,ğŸ‡µğŸ‡·,Puerto Rico,Commonwealth of Puerto Rico,San Juan
PS,PSE,275,AS,false,false,false,ar-PS,ILS,+970,.ps,ğŸ‡µğŸ‡¸,Palestine,State of Palestine,East Jerusalem
PT,PRT,620,EU,true,true,true,pt-PT,EUR,+351,.pt,ğŸ‡µğŸ‡¹,Portugal,Portuguese Republic,Lisbon
PW,PLW,585,OC,false,false,true,"en-PW",USD,+680,.pw,ğŸ‡µğŸ‡¼,Palau,Republic of Palau,Ngerulmud
PY,PRY,600,SA,false,false,true,"es-PY,gn-PY",PYG,+595,.py,ğŸ‡µğŸ‡¾,Paraguay,Republic of Paraguay,AsunciÃ³n
QA,QAT,634,AS,false,false,true,ar-QA,QAR,+974,.qa,ğŸ‡¶ğŸ‡¦,Qatar,State of Qatar,Doha
RE,REU,638,AF,false,false,false,fr-RE,EUR,+262,.re,ğŸ‡·ğŸ‡ª,RÃ©union,La RÃ©union,Saint-Denis
RO,ROU,642,EU,true,true,true,ro-RO,RON,+40,.ro,ğŸ‡·ğŸ‡´,Romania,Romania,Bucharest
RS,SRB,688,EU,false,false,true,sr-RS,RSD,+381,.rs,ğŸ‡·ğŸ‡¸,Serbia,Republic of Serbia,Belgrade
RU,RUS,643,EU,false,false,true,ru-RU,RUB,+7,.ru,ğŸ‡·ğŸ‡º,Russia,Russian Federation,Moscow
RW,RWA,646,AF,false,false,true,"rw-RW,en-RW,fr-RW,sw",RWF,+250,.rw,ğŸ‡·ğŸ‡¼,Rwanda,Republic of Rwanda,Kigali
SA,SAU,682,AS,false,false,true,ar-SA,SAR,+966,.sa,ğŸ‡¸ğŸ‡¦,Saudi Arabia,Kingdom of Saudi Arabia,Riyadh
SB,SLB,090,OC,false,false,true,"en-SB,pis-SB",SBD,+677,.sb,ğŸ‡¸ğŸ‡§,Solomon Islands,Solomon Islands,Honiara
SC,SYC,690,AF,false,false,true,"en-SC,fr-SC",SCR,+248,.sc,ğŸ‡¸ğŸ‡¨,Seychelles,Republic of Seychelles,Victoria
SD,SDN,729,AF,false,false,true,"ar-SD,en-SD",SDG,+249,.sd,ğŸ‡¸ğŸ‡©,Sudan,Republic of the Sudan,Khartoum
SE,SWE,752,EU,true,true,true,sv-SE,SEK,+46,.se,ğŸ‡¸ğŸ‡ª,Sweden,Kingdom of Sweden,Stockholm
SG,SGP,702,AS,false,false,true,"en-SG,ms-SG,zh-SG,ta-SG",SGD,+65,.sg,ğŸ‡¸ğŸ‡¬,Singapore,Republic of Singapore,Singapore
SH,SHN,654,AF,false,false,false,en-SH,SHP,+290,.sh,ğŸ‡¸ğŸ‡­,Saint Helena,Saint Helena,Jamestown
SI,SVN,705,EU,true,true,true,sl-SI,EUR,+386,.si,ğŸ‡¸ğŸ‡®,Slovenia,Republic of Slovenia,Ljubljana
SJ,SJM,744,EU,false,false,false,no,NOK,+47,.sj,ğŸ‡¸ğŸ‡¯,Svalbard and Jan Mayen,Svalbard and Jan Mayen,Longyearbyen
SK,SVK,703,EU,true,true,true,sk-SK,EUR,+421,.sk,ğŸ‡¸ğŸ‡°,Slovakia,Slovak Republic,Bratislava
SL,SLE,694,AF,false,false,true,en-SL,SLE,+232,.sl,ğŸ‡¸ğŸ‡±,Sierra Leone,Republic of Sierra Leone,Freetown
SM,SMR,674,EU,false,false,true,it-SM,EUR,+378,.sm,ğŸ‡¸ğŸ‡²,San Marino,Republic of San Marino,San Marino
SN,SEN,686,AF,false,false,true,"fr-SN,wo-SN",XOF,+221,.sn,ğŸ‡¸ğŸ‡³,Senegal,Republic of Senegal,Dakar
SO,SOM,706,AF,false,false,true,"so-SO,ar-SO",SOS,+252,.so,ğŸ‡¸ğŸ‡´,Somalia,Federal Republic of Somalia,Mogadishu
SR,SUR,740,SA,false,false,true,nl-SR,SRD,+597,.sr,ğŸ‡¸ğŸ‡·,Suriname,Republic of Suriname,Paramaribo
SS,SSD,728,AF,false,false,true,en-SS,SSP,+211,.ss,ğŸ‡¸ğŸ‡¸,South Sudan,Republic of South Sudan,Juba
ST,STP,678,AF,false,false,true,pt-ST,STN,+239,.st,ğŸ‡¸ğŸ‡¹,Sao Tome and Principe,Democratic Republic of Sao Tome and Principe,SÃ£o TomÃ©
SV,SLV,222,NA,false,false,true,es-SV,USD,+503,.sv,ğŸ‡¸ğŸ‡»,El Salvador,Republic of El Salvador,San Salvador
SX,SXM,534,NA,false,false,false,"en-SX,nl-SX",ANG,+1-721,.sx,ğŸ‡¸ğŸ‡½,Sint Maarten,Sint Maarten,Philipsburg
SY,SYR,760,AS,false,false,true,ar-SY,SYP,+963,.sy,ğŸ‡¸ğŸ‡¾,Syria,Syrian Arab Republic,Damascus
SZ,SWZ,748,AF,false,false,true,"ss-SZ,en-SZ",SZL,+268,.sz,ğŸ‡¸ğŸ‡¿,Eswatini,Kingdom of Eswatini,Mbabane
TC,TCA,796,NA,false,false,false,en-TC,USD,+1-649,.tc,ğŸ‡¹ğŸ‡¨,Turks and Caicos Islands,Turks and Caicos Islands,Cockburn Town
TD,TCD,148,AF,false,false,true,"ar-TD,fr-TD",XAF,+235,.td,ğŸ‡¹ğŸ‡©,Chad,Republic of Chad,N'Djamena
TF,ATF,260,AN,false,false,false,fr,EUR,+262,.tf,ğŸ‡¹ğŸ‡«,French Southern and Antarctic Lands,French Southern and Antarctic Lands,Port-aux-Francais
TG,TGO,768,AF,false,false,true,fr-TG,XOF,+228,.tg,ğŸ‡¹ğŸ‡¬,Togo,Togolese Republic,LomÃ©
TH,THA,764,AS,false,false,true,th-TH,THB,+66,.th,ğŸ‡¹ğŸ‡­,Thailand,Kingdom of Thailand,Bangkok
TJ,TJK,762,AS,false,false,true,"tg-TJ,ru",TJS,+992,.tj,ğŸ‡¹ğŸ‡¯,Tajikistan,Republic of Tajikistan,Dushanbe
TK,TKL,772,OC,false,false,false,en-TK,NZD,+690,.tk,ğŸ‡¹ğŸ‡°,Tokelau,Tokelau Islands,""
TL,TLS,626,AS,false,false,true,pt-TL,USD,+670,.tl,ğŸ‡¹ğŸ‡±,East Timor,Democratic Republic of Timor-Leste,Dili
TM,TKM,795,AS,false,false,true,tk-TM,TMT,+993,.tm,ğŸ‡¹ğŸ‡²,Turkmenistan,Turkmenistan,Ashgabat
TN,TUN,788,AF,false,false,true,ar-TN,TND,+216,.tn,ğŸ‡¹ğŸ‡³,Tunisia,Republic of Tunisia,Tunis
TO,TON,776,OC,false,false,true,"to-TO,en-TO",TOP,+676,.to,ğŸ‡¹ğŸ‡´,Tonga,Kingdom of Tonga,Nuku'alofa
TR,TUR,792,AS,false,false,true,tr-TR,TRY,+90,.tr,ğŸ‡¹ğŸ‡·,Turkey,Republic of Turkey,Ankara
TT,TTO,780,NA,false,false,true,en-TT,TTD,+1-868,.tt,ğŸ‡¹ğŸ‡¹,Trinidad and Tobago,Republic of Trinidad and Tobago,Port of Spain
TV,TUV,798,OC,false,false,true,en-TV,AUD,+688,.tv,ğŸ‡¹ğŸ‡»,Tuvalu,Tuvalu,Funafuti
TW,TWN,158,AS,false,false,false,zh-TW,TWD,+886,.tw,ğŸ‡¹ğŸ‡¼,Taiwan,Republic of China (Taiwan),Taipei
TZ,TZA,834,AF,false,false,true,"sw-TZ,en-TZ",TZS,+255,.tz,ğŸ‡¹ğŸ‡¿,Tanzania,United Republic of Tanzania,Dodoma
UA,UKR,804,EU,false,false,true,uk-UA,UAH,+380,.ua,ğŸ‡ºğŸ‡¦,Ukraine,Ukraine,Kiev
UG,UGA,800,AF,false,false,true,"en-UG,sw-UG",UGX,+256,.ug,ğŸ‡ºğŸ‡¬,Uganda,Republic of Uganda,Kampala
UM,UMI,581,OC,false,false,false,en-UM,USD,+246,.um,ğŸ‡ºğŸ‡²,United States Minor Outlying Islands,United States Minor Outlying Islands,"Washington, D.C."
US,USA,840,NA,false,false,true,en-US,USD,+1,.us,ğŸ‡ºğŸ‡¸,United States,United States of America,"Washington, D.C."
UY,URY,858,SA,false,false,true,es-UY,UYU,+598,.uy,ğŸ‡ºğŸ‡¾,Uruguay,Oriental Republic of Uruguay,Montevideo
UZ,UZB,860,AS,false,false,true,uz-UZ,UZS,+998,.uz,ğŸ‡ºğŸ‡¿,Uzbekistan,Republic of Uzbekistan,Tashkent
VA,VAT,336,EU,false,false,false,it-VA,EUR,+379,.va,ğŸ‡»ğŸ‡¦,Vatican City,Vatican City State,Vatican City
VC,VCT,670,NA,false,false,true,en-VC,XCD,+1-784,.vc,ğŸ‡»ğŸ‡¨,Saint Vincent and the Grenadines,Saint Vincent and the Grenadines,Kingstown
VE,VEN,862,SA,false,false,true,es-VE,VED,+58,.ve,ğŸ‡»ğŸ‡ª,Venezuela,Bolivarian Republic of Venezuela,Caracas
VG,VGB,092,NA,false,false,false,en-VG,USD,+1-284,.vg,ğŸ‡»ğŸ‡¬,British Virgin Islands,Virgin Islands,Road Town
VI,VIR,850,NA,false,false,false,en-VI,USD,+1-340,.vi,ğŸ‡»ğŸ‡®,United States Virgin Islands,Virgin Islands of the United States,Charlotte Amalie
VN,VNM,704,AS,false,false,true,vi-VN,VND,+84,.vn,ğŸ‡»ğŸ‡³,Vietnam,Socialist Republic of Vietnam,Hanoi
VU,VUT,548,OC,false,false,true,"en-VU,fr-VU",VUV,+678,.vu,ğŸ‡»ğŸ‡º,Vanuatu,Republic of Vanuatu,Port Vila
WF,WLF,876,OC,false,false,false,fr-WF,XPF,+681,.wf,ğŸ‡¼ğŸ‡«,Wallis and Futuna,Territory of the Wallis and Futuna Islands,Mata Utu
WS,WSM,882,OC,false,false,true,en-WS,WST,+685,.ws,ğŸ‡¼ğŸ‡¸,Samoa,Independent State of Samoa,Apia
YE,YEM,887,AS,false,false,true,ar-YE,YER,+967,.ye,ğŸ‡¾ğŸ‡ª,Yemen,Republic of Yemen,Sanaa
YT,MYT,175,AF,false,false,false,fr-YT,EUR,+262,.yt,ğŸ‡¾ğŸ‡¹,Mayotte,Department of Mayotte,Mamoudzou
ZA,ZAF,710,AF,false,false,true,"af-ZA,en-ZA,zu-ZA,xh-ZA",ZAR,+27,.za,ğŸ‡¿ğŸ‡¦,South Africa,Republic of South Africa,Pretoria
ZM,ZMB,894,AF,false,false,true,en-ZM,ZMW,+260,.zm,ğŸ‡¿ğŸ‡²,Zambia,Republic of Zambia,Lusaka
ZW,ZWE,716,AF,false,false,true,"sn-ZW,nd-ZW,en-ZW",ZWG,+263,.zw,ğŸ‡¿ğŸ‡¼,Zimbabwe,Republic of Zimbabwe,Harare
